"date","solar_irradiance"
2001-01-01,4.159
2001-02-01,4.7525
2001-03-01,5.173
2001-04-01,5.022
2001-05-01,5.219
2001-06-01,5.0148
2001-07-01,5.135
2001-08-01,4.8091
2001-09-01,5.0311
2001-10-01,4.6589
2001-11-01,4.3596
2001-12-01,4.2475
2002-01-01,4.927
2002-02-01,5.3126
2002-03-01,5.6518
2002-04-01,5.4442
2002-05-01,5.2394
2002-06-01,5.0023
2002-07-01,4.8422
2002-08-01,4.7081
2002-09-01,4.4285
2002-10-01,4.3757
2002-11-01,4.5348
2002-12-01,4.5072
2003-01-01,4.2348
2003-02-01,4.8703
2003-03-01,5.2591
2003-04-01,5.082
2003-05-01,5.1845
2003-06-01,4.6896
2003-07-01,4.757
2003-08-01,4.8329
2003-09-01,4.5756
2003-10-01,4.5564
2003-11-01,4.4738
2003-12-01,4.0426
2004-01-01,4.8694
2004-02-01,4.9159
2004-03-01,4.9154
2004-04-01,5.382
2004-05-01,5.2632
2004-06-01,4.902
2004-07-01,4.6291
2004-08-01,5.0153
2004-09-01,4.8706
2004-10-01,4.7258
2004-11-01,4.7002
2004-12-01,4.1345
2005-01-01,4.981
2005-02-01,5.2915
2005-03-01,5.3357
2005-04-01,5.3522
2005-05-01,4.7098
2005-06-01,4.998
2005-07-01,4.9178
2005-08-01,4.7796
2005-09-01,5.1211
2005-10-01,4.3654
2005-11-01,4.2451
2005-12-01,4.0956
2006-01-01,4.5768
2006-02-01,5.0746
2006-03-01,5.3618
2006-04-01,4.9315
2006-05-01,4.5922
2006-06-01,4.789
2006-07-01,4.5886
2006-08-01,4.6805
2006-09-01,4.3481
2006-10-01,4.0267
2006-11-01,4.5394
2006-12-01,4.2898
2007-01-01,4.1897
2007-02-01,4.9627
2007-03-01,5.0964
2007-04-01,5.0995
2007-05-01,5.2284
2007-06-01,4.5754
2007-07-01,4.3858
2007-08-01,4.9478
2007-09-01,4.7438
2007-10-01,4.5204
2007-11-01,4.3354
2007-12-01,4.1124
2008-01-01,4.7923
2008-02-01,5.0585
2008-03-01,4.9126
2008-04-01,4.806
2008-05-01,4.7066
2008-06-01,4.5454
2008-07-01,4.6219
2008-08-01,4.8221
2008-09-01,4.7971
2008-10-01,4.7494
2008-11-01,4.3111
2008-12-01,4.165
2009-01-01,4.6037
2009-02-01,5.0074
2009-03-01,4.9454
2009-04-01,5.3707
2009-05-01,5.1254
2009-06-01,4.9982
2009-07-01,4.7616
2009-08-01,4.7059
2009-09-01,4.6387
2009-10-01,4.7448
2009-11-01,3.9408
2009-12-01,4.2792
2010-01-01,4.6097
2010-02-01,5.5063
2010-03-01,5.3088
2010-04-01,5.2776
2010-05-01,5.1055
2010-06-01,4.7508
2010-07-01,4.7134
2010-08-01,5.1185
2010-09-01,5.035
2010-10-01,4.8418
2010-11-01,4.5218
2010-12-01,3.8822
2011-01-01,3.7937
2011-02-01,5.1744
2011-03-01,4.6294
2011-04-01,4.9915
2011-05-01,5.2661
2011-06-01,4.7066
2011-07-01,4.6205
2011-08-01,4.6987
2011-09-01,4.5391
2011-10-01,4.7165
2011-11-01,4.4539
2011-12-01,3.9175
2012-01-01,4.8317
2012-02-01,5.2656
2012-03-01,4.6505
2012-04-01,5.2949
2012-05-01,4.9622
2012-06-01,5.1703
2012-07-01,4.871
2012-08-01,4.7321
2012-09-01,4.6644
2012-10-01,4.7194
2012-11-01,4.5134
2012-12-01,4.1014
2013-01-01,4.6548
2013-02-01,4.2802
2013-03-01,5.5558
2013-04-01,5.0278
2013-05-01,5.3633
2013-06-01,5.2615
2013-07-01,4.8487
2013-08-01,4.7054
2013-09-01,4.7666
2013-10-01,4.8137
2013-11-01,4.4676
2013-12-01,3.8714
2014-01-01,4.4486
2014-02-01,5.7864
2014-03-01,5.5058
2014-04-01,4.8425
2014-05-01,4.926
2014-06-01,5.2776
2014-07-01,4.9289
2014-08-01,4.7398
2014-09-01,4.6058
2014-10-01,4.5475
2014-11-01,4.3764
2014-12-01,3.791
2015-01-01,4.9351
2015-02-01,5.4238
2015-03-01,5.4437
2015-04-01,5.3839
2015-05-01,4.8098
2015-06-01,4.7942
2015-07-01,4.831
2015-08-01,4.7434
2015-09-01,3.8297
2015-10-01,3.4478
2015-11-01,4.4798
2015-12-01,4.6378
2016-01-01,5.4823
2016-02-01,5.2603
2016-03-01,5.8152
2016-04-01,5.4046
2016-05-01,4.9387
2016-06-01,5.1768
2016-07-01,5.1077
2016-08-01,5.0016
2016-09-01,5.2536
2016-10-01,4.7098
2016-11-01,4.1894
2016-12-01,4.3385
2017-01-01,4.4486
2017-02-01,5.0357
2017-03-01,5.1067
2017-04-01,4.8847
2017-05-01,4.6327
2017-06-01,4.9272
2017-07-01,4.8994
2017-08-01,4.6838
2017-09-01,4.6325
2017-10-01,5.0813
2017-11-01,4.0236
2017-12-01,4.4801
2018-01-01,3.9235
2018-02-01,5.6441
2018-03-01,5.5682
2018-04-01,5.2416
2018-05-01,4.6512
2018-06-01,4.7926
2018-07-01,4.6423
2018-08-01,5.4146
2018-09-01,4.9037
2018-10-01,4.5506
2018-11-01,4.5842
2018-12-01,4.6207
2019-01-01,4.9848
2019-02-01,5.4797
2019-03-01,5.755
2019-04-01,5.1626
2019-05-01,5.1254
2019-06-01,4.5487
2019-07-01,4.8362
2019-08-01,4.6118
2019-09-01,4.3243
2019-10-01,4.7278
2019-11-01,4.5151
2019-12-01,4.5866
2020-01-01,5.0623
2020-02-01,5.377
2020-03-01,5.4706
2020-04-01,5.1648
2020-05-01,4.7938
2020-06-01,4.6001
2020-07-01,4.8158
2020-08-01,5.0645
2020-09-01,4.8451
2020-10-01,4.7189
2020-11-01,4.2905
2020-12-01,4.1978
2021-01-01,4.1297
2021-02-01,5.9244
2021-03-01,5.2025
2021-04-01,5.0162
2021-05-01,4.8053
2021-06-01,4.9649
2021-07-01,5.0258
2021-08-01,4.8091
2021-09-01,5.0894
2021-10-01,5.1866
2021-11-01,4.5192
2021-12-01,4.4162
2022-01-01,5.0942
2022-02-01,4.625
2022-03-01,5.2656
2022-04-01,4.921
2022-05-01,4.9519
2022-06-01,4.8077
2022-07-01,4.6992
2022-08-01,4.7482
2022-09-01,4.6507
2022-10-01,4.5581
2022-11-01,4.3303
2022-12-01,3.9804
2023-01-01,4.1832
2023-02-01,4.5353
2023-03-01,5.0124
2023-04-01,4.9699
2023-05-01,5.2848
2023-06-01,4.8943
2023-07-01,4.5334
2023-08-01,4.7105
2023-09-01,4.5545
2023-10-01,5.1446
2023-11-01,4.4688
2023-12-01,4.0764
2024-01-01,4.4122
2024-02-01,5.2099
2024-03-01,5.3222
2024-04-01,4.998
2024-05-01,4.7746
2024-06-01,4.6193
2024-07-01,4.8442
2024-08-01,4.5578
2024-09-01,4.6762
2024-10-01,5.1408
2024-11-01,4.278
2024-12-01,3.9514
2025-01-01,4.1508
2025-02-01,4.8737
2025-03-01,4.8761
2025-04-01,4.9598
2025-05-01,4.8257
2025-06-01,4.8384
2025-07-01,4.9956
2025-08-01,5.0486
2025-09-01,4.6886
2025-10-01,4.8871
2025-11-01,4.2578
2025-12-01,4.2883
